Ticker,Sector,SharesOutstanding,MarketCap,FirstDate,LastDate,NObs
IBM,Information Technology,939885280,255987154944,1999-01-04,2026-03-31,6852
INTC,Information Technology,5026000000,537983025152,1999-01-04,2026-03-31,6852
CSCO,Information Technology,3941434665,468242432000,1999-01-04,2026-03-31,6852
ORCL,Information Technology,2876046000,578833022976,1999-01-04,2026-03-31,6852
AAPL,Information Technology,14687356000,4282539048960,1999-01-04,2026-03-31,6852
MSFT,Information Technology,7428434704,2951762673664,1999-01-04,2026-03-31,6852
TXN,Information Technology,910092791,256655278080,1999-01-04,2026-03-31,6852
QCOM,Information Technology,1054000000,201524789248,1999-01-04,2026-03-31,6852
ADBE,Information Technology,404200000,94332198912,1999-01-04,2026-03-31,6852
AMAT,Information Technology,793959430,394605789184,1999-01-04,2026-03-31,6852
MU,Information Technology,1127734051,1005803405312,1999-01-04,2026-03-31,6852
HPQ,Information Technology,914522690,22579566592,1999-01-04,2026-03-31,6852
ADI,Information Technology,487087040,191264473088,1999-01-04,2026-03-31,6852
KLAC,Information Technology,130627521,278973349888,1999-01-04,2026-03-31,6852
LRCX,Information Technology,1250571000,402433736704,1999-01-04,2026-03-31,6852
INTU,Information Technology,273537000,77744685056,1999-01-04,2026-03-31,6852
ADSK,Information Technology,211145251,46722220032,1999-01-04,2026-03-31,6852
GLW,Information Technology,860637825,144733454336,1999-01-04,2026-03-31,6852
SNPS,Information Technology,191479325,88183889920,1999-01-04,2026-03-31,6852
CDNS,Information Technology,275816000,106225016832,1999-01-04,2026-03-31,6852
NTAP,Information Technology,195919927,31476494336,1999-01-04,2026-03-31,6852
WDC,Information Technology,344682131,168925265920,1999-01-04,2026-03-31,6852
TER,Information Technology,156542162,54412488704,1999-01-04,2026-03-31,6852
MSI,Information Technology,165995582,68330426368,1999-01-04,2026-03-31,6852
T,Communication Services,6948338835,161270939648,1999-01-04,2026-03-31,6852
VZ,Communication Services,4175558910,196042489856,1999-01-04,2026-03-31,6852
CMCSA,Communication Services,3562784182,85626314752,1999-01-04,2026-03-31,6852
DIS,Communication Services,1736511424,171237392384,1999-01-04,2026-03-31,6852
OMC,Communication Services,285006196,21084760064,1999-01-04,2026-03-31,6852
EA,Communication Services,250751484,50952699904,1999-01-04,2026-03-31,6852
TTWO,Communication Services,185666663,39075405824,1999-01-04,2026-03-31,6852
LUMN,Communication Services,1030311070,8510369280,1999-01-04,2026-03-31,6852
HD,Consumer Discretionary,997116682,318000463872,1999-01-04,2026-03-31,6852
MCD,Consumer Discretionary,710505859,200732098560,1999-01-04,2026-03-31,6852
NKE,Consumer Discretionary,1199499281,65099792384,1999-01-04,2026-03-31,6852
LOW,Consumer Discretionary,561000000,121282592768,1999-01-04,2026-03-31,6852
TGT,Consumer Discretionary,454191112,58127380480,1999-01-04,2026-03-31,6852
F,Consumer Discretionary,3913840554,56981106688,1999-01-04,2026-03-31,6852
SBUX,Consumer Discretionary,1139700000,112556769280,1999-01-04,2026-03-31,6852
YUM,Consumer Discretionary,275621202,41640853504,1999-01-04,2026-03-31,6852
TJX,Consumer Discretionary,1104704446,185214746624,1999-01-04,2026-03-31,6852
ROST,Consumer Discretionary,320781076,74395549696,1999-01-04,2026-03-31,6852
BBY,Consumer Discretionary,210767126,15942424576,1999-01-04,2026-03-31,6852
AZO,Consumer Discretionary,16369000,50908409856,1999-01-04,2026-03-31,6852
GPC,Consumer Discretionary,137624545,13693789184,1999-01-04,2026-03-31,6852
WHR,Consumer Discretionary,64823121,2600055296,1999-01-04,2026-03-31,6852
RCL,Consumer Discretionary,268194978,72072036352,1999-01-04,2026-03-31,6852
CCL,Consumer Discretionary,1239000212,35999776768,1999-01-04,2026-03-31,6852
HAS,Consumer Discretionary,141490692,11643269120,1999-01-04,2026-03-31,6852
MGM,Consumer Discretionary,255851235,12001981440,1999-01-04,2026-03-31,6852
LEN,Consumer Discretionary,215244398,22129901568,1999-01-04,2026-03-31,6852
PHM,Consumer Discretionary,190486353,22570727424,1999-01-04,2026-03-31,6852
DHI,Consumer Discretionary,283579613,41603969024,1999-01-04,2026-03-31,6852
EBAY,Consumer Discretionary,444000000,47246041088,1999-01-04,2026-03-31,6852
HOG,Consumer Discretionary,105268302,2570651904,1999-01-04,2026-03-31,6852
VFC,Consumer Discretionary,391769705,6428940800,1999-01-04,2026-03-31,6852
KO,Consumer Staples,4302482418,359644495872,1999-01-04,2026-03-31,6852
PG,Consumer Staples,2328598978,347077705728,1999-01-04,2026-03-31,6852
PEP,Consumer Staples,1366768315,197276925952,1999-01-04,2026-03-31,6852
WMT,Consumer Staples,7958079155,959664685056,1999-01-04,2026-03-31,6852
COST,Consumer Staples,443478804,436103774208,1999-01-04,2026-03-31,6852
CL,Consumer Staples,800189310,71977025536,1999-01-04,2026-03-31,6852
KMB,Consumer Staples,331940357,33718501376,1999-01-04,2026-03-31,6852
GIS,Consumer Staples,533681218,18049097728,1999-01-04,2026-03-31,6852
HSY,Consumer Staples,148229858,35824168960,1999-01-04,2026-03-31,6852
SYY,Consumer Staples,478182608,37556461568,1999-01-04,2026-03-31,6852
KR,Consumer Staples,616560677,39743504384,1999-01-04,2026-03-31,6852
ADM,Consumer Staples,481956527,39173423104,1999-01-04,2026-03-31,6852
MO,Consumer Staples,1669891235,122119135232,1999-01-04,2026-03-31,6852
CLX,Consumer Staples,120921351,12009908224,1999-01-04,2026-03-31,6852
TSN,Consumer Staples,282120397,19765024768,1999-01-04,2026-03-31,6852
CPB,Consumer Staples,298206243,6822958592,1999-01-04,2026-03-31,6852
CAG,Consumer Staples,478437156,6382351872,1999-01-04,2026-03-31,6852
HRL,Consumer Staples,550284207,13366404096,1999-01-04,2026-03-31,6852
MKC,Consumer Staples,253986983,13358818304,1999-01-04,2026-03-31,6852
XOM,Energy,4144947162,624311926784,1999-01-04,2026-03-31,6852
CVX,Energy,1991597732,378005258240,1999-01-04,2026-03-31,6852
COP,Energy,1218294007,146097815552,1999-01-04,2026-03-31,6852
SLB,Energy,1495057661,82990645248,1999-01-04,2026-03-31,6852
HAL,Energy,835397735,33190352896,1999-01-04,2026-03-31,6852
OXY,Energy,994634701,56793640960,1999-01-04,2026-03-31,6852
EOG,Energy,532628530,74717134848,1999-01-04,2026-03-31,6852
APA,Energy,353470227,13431869440,1999-01-04,2026-03-31,6852
DVN,Energy,1153403107,53748584448,1999-01-04,2026-03-31,6852
VLO,Energy,296932782,76605685760,1999-01-04,2026-03-31,6852
WMB,Energy,1222998265,88373854208,1999-01-04,2026-03-31,6852
OKE,Energy,630032852,57062072320,1999-01-04,2026-03-31,6852
BKR,Energy,992068697,62520168448,1999-01-04,2026-03-31,6852
JPM,Financials,2679511418,828344172544,1999-01-04,2026-03-31,6852
BAC,Financials,7096590651,387048079360,1999-01-04,2026-03-31,6852
WFC,Financials,3060189494,250843725824,1999-01-04,2026-03-31,6852
C,Financials,1705576955,227489857536,1999-01-04,2026-03-31,6852
GS,Financials,295007421,295387987968,1999-05-04,2026-03-31,6769
MS,Financials,1577284817,325961711616,1999-01-04,2026-03-31,6852
AXP,Financials,682326443,213800173568,1999-01-04,2026-03-31,6852
USB,Financials,1557731728,88494743552,1999-01-04,2026-03-31,6852
PNC,Financials,401564632,93419995136,1999-01-04,2026-03-31,6852
TFC,Financials,1245879275,61994950656,1999-01-04,2026-03-31,6852
BK,Financials,686379000,94143750144,1999-01-04,2026-03-31,6852
STT,Financials,276767033,44780908544,1999-01-04,2026-03-31,6852
SCHW,Financials,1739135507,155252621312,1999-01-04,2026-03-31,6852
COF,Financials,622292783,110537875456,1999-01-04,2026-03-31,6852
AIG,Financials,530206221,39733653504,1999-01-04,2026-03-31,6852
ALL,Financials,257420930,57492389888,1999-01-04,2026-03-31,6852
AFL,Financials,508984904,59607220224,1999-01-04,2026-03-31,6852
PGR,Financials,583500000,119150706688,1999-01-04,2026-03-31,6852
TRV,Financials,212644693,64507887616,1999-01-04,2026-03-31,6852
CB,Financials,387860106,128218783744,1999-01-04,2026-03-31,6852
CINF,Financials,154686742,25744513024,1999-01-04,2026-03-31,6852
L,Financials,205768873,22233327616,1999-01-04,2026-03-31,6852
AON,Financials,213576949,71832330240,1999-01-04,2026-03-31,6852
NTRS,Financials,185047258,30741903360,1999-01-04,2026-03-31,6852
KEY,Financials,1079368644,23724523520,1999-01-04,2026-03-31,6852
FITB,Financials,906311548,47717306368,1999-01-04,2026-03-31,6852
HBAN,Financials,2027130587,34136879104,1999-01-04,2026-03-31,6852
MTB,Financials,146445060,32793440256,1999-01-04,2026-03-31,6852
ZION,Financials,147091817,9681584128,1999-01-04,2026-03-31,6852
BEN,Financials,519637162,16181500928,1999-01-04,2026-03-31,6852
TROW,Financials,214266606,22804396032,1999-01-04,2026-03-31,6852
BLK,Financials,155233989,164587732992,1999-10-01,2026-03-31,6664
SPGI,Financials,296000000,126208483328,1999-01-04,2026-03-31,6852
JNJ,Health Care,2407216971,574097195008,1999-01-04,2026-03-31,6852
PFE,Health Care,5699444169,145905778688,1999-01-04,2026-03-31,6852
MRK,Health Care,2469824415,294131400704,1999-01-04,2026-03-31,6852
ABT,Health Care,1741813154,155317469184,1999-01-04,2026-03-31,6852
LLY,Health Care,891741406,1013348171776,1999-01-04,2026-03-31,6852
BMY,Health Care,2042071247,113539162112,1999-01-04,2026-03-31,6852
AMGN,Health Care,539708274,182275686400,1999-01-04,2026-03-31,6852
GILD,Health Care,1241569874,150825910272,1999-01-04,2026-03-31,6852
BIIB,Health Care,147637117,28677033984,1999-01-04,2026-03-31,6852
MDT,Health Care,1283884964,103031767040,1999-01-04,2026-03-31,6852
BSX,Health Care,1486355179,71850409984,1999-01-04,2026-03-31,6852
BDX,Health Care,275540427,40722116608,1999-01-04,2026-03-31,6852
BAX,Health Care,516469008,10489485312,1999-01-04,2026-03-31,6852
SYK,Health Care,383360762,118397140992,1999-01-04,2026-03-31,6852
CVS,Health Care,1275927307,125066387456,1999-01-04,2026-03-31,6852
UNH,Health Care,908144404,370032508928,1999-01-04,2026-03-31,6852
HUM,Health Care,120061500,43757613056,1999-01-04,2026-03-31,6852
CI,Health Care,264532404,78251327488,1999-01-04,2026-03-31,6852
CAH,Health Care,234205855,50658725888,1999-01-04,2026-03-31,6852
MCK,Health Care,120204051,95014084608,1999-01-04,2026-03-31,6852
DHR,Health Care,707770627,129967923200,1999-01-04,2026-03-31,6852
TMO,Health Care,371621465,179136413696,1999-01-04,2026-03-31,6852
A,Health Care,282431944,37173690368,1999-11-18,2026-03-31,6630
IDXX,Health Care,78882997,43933097984,1999-01-04,2026-03-31,6852
MTD,Health Care,20207601,22895816704,1999-01-04,2026-03-31,6852
WAT,Health Care,98185855,35659137024,1999-01-04,2026-03-31,6852
UHS,Health Care,53287606,8766874624,1999-01-04,2026-03-31,6852
GE,Industrials,1043337235,332997656576,1999-01-04,2026-03-31,6852
HON,Industrials,633653119,130456510464,1999-01-04,2026-03-31,6852
MMM,Industrials,521567261,81807826944,1999-01-04,2026-03-31,6852
CAT,Industrials,460591983,394340401152,1999-01-04,2026-03-31,6852
DE,Industrials,270107282,151273586688,1999-01-04,2026-03-31,6852
BA,Industrials,788302331,164755193856,1999-01-04,2026-03-31,6852
LMT,Industrials,230563608,121050513408,1999-01-04,2026-03-31,6852
NOC,Industrials,142033476,77002031104,1999-01-04,2026-03-31,6852
GD,Industrials,270430187,92235620352,1999-01-04,2026-03-31,6852
RTX,Industrials,1346683428,238915108864,1999-01-04,2026-03-31,6852
EMR,Industrials,560100000,76795305984,1999-01-04,2026-03-31,6852
ETN,Industrials,388300000,145791107072,1999-01-04,2026-03-31,6852
ITW,Industrials,287700000,71973904384,1999-01-04,2026-03-31,6852
PH,Industrials,126086389,110401241088,1999-01-04,2026-03-31,6852
CMI,Industrials,137989067,87004872704,1999-01-04,2026-03-31,6852
FDX,Industrials,238606756,76175204352,1999-01-04,2026-03-31,6852
UNP,Industrials,593713213,158539235328,1999-01-04,2026-03-31,6852
CSX,Industrials,1858138856,86236225536,1999-01-04,2026-03-31,6852
NSC,Industrials,224594001,69383823360,1999-01-04,2026-03-31,6852
LUV,Industrials,488773713,20235233280,1999-01-04,2026-03-31,6852
PCAR,Industrials,526286229,59991367680,1999-01-04,2026-03-31,6852
ROK,Industrials,111273953,48968327168,1999-01-04,2026-03-31,6852
DOV,Industrials,134661414,28785221632,1999-01-04,2026-03-31,6852
SWK,Industrials,155455564,12043143168,1999-01-04,2026-03-31,6852
GWW,Industrials,47213119,62209425408,1999-01-04,2026-03-31,6852
WM,Industrials,401575752,90065403904,1999-01-04,2026-03-31,6852
FAST,Industrials,1148035061,52844052480,1999-01-04,2026-03-31,6852
MAS,Industrials,201734437,14296920064,1999-01-04,2026-03-31,6852
TXT,Industrials,173888981,15881280512,1999-01-04,2026-03-31,6852
JCI,Industrials,610115603,85025710080,1999-01-04,2026-03-31,6852
CTAS,Industrials,400136881,72184692736,1999-01-04,2026-03-31,6852
EXPD,Industrials,130791133,21542608896,1999-01-04,2026-03-31,6852
APD,Materials,222680686,61573439488,1999-01-04,2026-03-31,6852
ECL,Materials,281437502,72326619136,1999-01-04,2026-03-31,6852
SHW,Materials,246635621,74955030528,1999-01-04,2026-03-31,6852
PPG,Materials,222900000,25181014016,1999-01-04,2026-03-31,6852
NUE,Materials,227740950,57046831104,1999-01-04,2026-03-31,6852
NEM,Materials,1067552764,99036864512,1999-01-04,2026-03-31,6852
FCX,Materials,1437559865,89243713536,1999-01-04,2026-03-31,6852
IP,Materials,529516974,16865115136,1999-01-04,2026-03-31,6852
VMC,Materials,129754885,35380269056,1999-01-04,2026-03-31,6852
AVY,Materials,76490385,11937854464,1999-01-04,2026-03-31,6852
ALB,Materials,117934651,17362339840,1999-01-04,2026-03-31,6852
EMN,Materials,114349960,8157725696,1999-01-04,2026-03-31,6852
WY,Materials,721042609,17420390400,1999-01-04,2026-03-31,6852
SEE,Materials,147373648,6211799552,1999-01-04,2026-03-31,6852
MLM,Materials,60045900,33197576192,1999-01-04,2026-03-31,6852
LIN,Materials,462347310,235408752640,1999-01-04,2026-03-31,6852
DUK,Utilities,779596217,97480712192,1999-01-04,2026-03-31,6852
SO,Utilities,1127301098,105988849664,1999-01-04,2026-03-31,6852
NEE,Utilities,2085605358,177526734848,1999-01-04,2026-03-31,6852
D,Utilities,879512484,58725048320,1999-01-04,2026-03-31,6852
AEP,Utilities,544105032,69933817856,1999-01-04,2026-03-31,6852
EXC,Utilities,1023208142,46668521472,1999-01-04,2026-03-31,6852
XEL,Utilities,624269560,48755453952,1999-01-04,2026-03-31,6852
ED,Utilities,368529705,39653793792,1999-01-04,2026-03-31,6852
EIX,Utilities,384793941,27512768512,1999-01-04,2026-03-31,6852
PEG,Utilities,498321402,39163076608,1999-01-04,2026-03-31,6852
WEC,Utilities,325725678,37135982592,1999-01-04,2026-03-31,6852
DTE,Utilities,208028313,30386698240,1999-01-04,2026-03-31,6852
PPL,Utilities,752350362,26768625664,1999-01-04,2026-03-31,6852
AES,Utilities,713157713,10433497088,1999-01-04,2026-03-31,6852
FE,Utilities,578431175,26856558592,1999-01-04,2026-03-31,6852
AEE,Utilities,276751616,30102272000,1999-01-04,2026-03-31,6852
CMS,Utilities,308919602,22693234688,1999-01-04,2026-03-31,6852
CNP,Utilities,654169480,27959203840,1999-01-04,2026-03-31,6852
NI,Utilities,479439245,22356252672,1999-01-04,2026-03-31,6852
PNW,Utilities,121187166,12494396416,1999-01-04,2026-03-31,6852
ATO,Utilities,166919822,28254519296,1999-01-04,2026-03-31,6852
ES,Utilities,376080025,26017216512,1999-01-04,2026-03-31,6852
SPG,Real Estate,324281912,80867262464,1999-01-04,2026-03-31,6852
PSA,Real Estate,175545748,56853999616,1999-01-04,2026-03-31,6852
O,Real Estate,932492530,57917112320,1999-01-04,2026-03-31,6852
AVB,Real Estate,141872069,26471907328,1999-01-04,2026-03-31,6852
EQR,Real Estate,374712144,26122881024,1999-01-04,2026-03-31,6852
VTR,Real Estate,486169723,41008414720,1999-01-04,2026-03-31,6852
WELL,Real Estate,705914450,149202075648,1999-01-04,2026-03-31,6852
BXP,Real Estate,159477391,11675832320,1999-01-04,2026-03-31,6852
HST,Real Estate,684879281,16615702528,1999-01-04,2026-03-31,6852
KIM,Real Estate,674389792,17116011520,1999-01-04,2026-03-31,6852
FRT,Real Estate,86389197,10744852480,1999-01-04,2026-03-31,6852
AMT,Real Estate,465893069,89684410368,1999-01-04,2026-03-31,6852
VNO,Real Estate,188097756,7839438336,1999-01-04,2026-03-31,6852
REG,Real Estate,183096790,14973491200,1999-01-04,2026-03-31,6852
MAA,Real Estate,116384802,16679477248,1999-01-04,2026-03-31,6852
ESS,Real Estate,64261739,19619151872,1999-01-04,2026-03-31,6852
UDR,Real Estate,324915653,14568675328,1999-01-04,2026-03-31,6852
PLD,Real Estate,932338000,136592900096,1999-01-04,2026-03-31,6852
CCI,Real Estate,436451983,40755884032,1999-01-04,2026-03-31,6852
IRM,Real Estate,297524681,36702642176,1999-01-04,2026-03-31,6852
