Ticker,Horizon,Mode,n,winshare_origin,dbar,kstar_dropk
AAPL,1d,filtered,50,0.38,-0.004469854960625873,
AAPL,1d,unfiltered,127,0.386,-0.0007560463555817881,2.0
AAPL,5d,filtered,50,0.56,0.0010930470600002229,
AAPL,5d,unfiltered,127,0.496,0.005299701401758909,
AAPL,10d,filtered,50,0.56,0.0014489429415546517,
AAPL,10d,unfiltered,127,0.48,0.0021925089498513583,
AAPL,15d,filtered,50,0.58,0.002568281927647789,
AAPL,15d,unfiltered,127,0.512,0.002296567793084896,
AAPL,1m,filtered,50,0.6,0.004588552394436975,
AAPL,1m,unfiltered,127,0.52,0.002940519529855815,
AAPL,2m,filtered,50,0.58,0.012160659622920402,
AAPL,2m,unfiltered,127,0.535,0.007031938245444563,
AAPL,3m,filtered,50,0.56,0.010367871586838663,
AAPL,3m,unfiltered,127,0.52,0.008890513337061763,
AAPL,4m,filtered,50,0.54,0.005516229706984435,
AAPL,4m,unfiltered,127,0.528,0.007357784103671063,
AAPL,5m,filtered,50,0.5,0.0025410910143762065,
AAPL,5m,unfiltered,127,0.472,0.0045483625538030896,
AAPL,6m,filtered,50,0.46,-7.910140824492373e-05,
AAPL,6m,unfiltered,127,0.465,0.004353290143335347,
AAPL,7m,filtered,50,0.44,-0.001596231987814214,
AAPL,7m,unfiltered,127,0.457,0.006925330711025943,
AAPL,8m,filtered,50,0.48,-0.003448744399845989,
AAPL,8m,unfiltered,127,0.457,0.007516584308981982,
AMZN,1d,filtered,25,0.36,-0.060340575620329295,
AMZN,1d,unfiltered,127,0.52,-0.010549690763425249,2.0
AMZN,5d,filtered,25,0.2,-0.010861030483426877,
AMZN,5d,unfiltered,127,0.535,-0.0013478165950135484,1.0
AMZN,10d,filtered,25,0.28,-0.0044824616803124506,
AMZN,10d,unfiltered,127,0.551,0.0010754720996647908,
AMZN,15d,filtered,25,0.36,-0.002785441758607039,
AMZN,15d,unfiltered,127,0.528,0.006413028215257819,
AMZN,1m,filtered,25,0.36,-0.00014684468983301003,
AMZN,1m,unfiltered,127,0.52,-0.005243688207527127,1.0
AMZN,2m,filtered,25,0.36,-0.005973790321624577,
AMZN,2m,unfiltered,127,0.528,-0.014583560857261951,4.0
AMZN,3m,filtered,25,0.4,-0.00755054698844944,
AMZN,3m,unfiltered,127,0.52,-0.00571145236561231,3.0
AMZN,4m,filtered,25,0.44,-0.014430115175745613,
AMZN,4m,unfiltered,127,0.52,-0.007907021170023705,3.0
AMZN,5m,filtered,25,0.4,-0.018386465739295303,
AMZN,5m,unfiltered,127,0.535,-0.006380259400378955,2.0
AMZN,6m,filtered,25,0.36,-0.02696839997849917,
AMZN,6m,unfiltered,127,0.472,-0.021605010348538612,6.0
AMZN,7m,filtered,25,0.32,-0.02191731871044226,
AMZN,7m,unfiltered,127,0.465,-0.022410889977547716,6.0
AMZN,8m,filtered,25,0.32,-0.018613381109046045,
AMZN,8m,unfiltered,127,0.496,-0.022094787899837758,7.0
JNJ,1d,filtered,39,0.538,0.004944244655116766,
JNJ,1d,unfiltered,127,0.528,-0.008369955117762652,4.0
JNJ,5d,filtered,39,0.487,-0.004166569115906156,
JNJ,5d,unfiltered,127,0.496,-0.006168818175677186,4.0
JNJ,10d,filtered,39,0.564,-0.008178614620860527,
JNJ,10d,unfiltered,127,0.535,-0.005177826548432792,3.0
JNJ,15d,filtered,39,0.59,-0.007120739642291578,
JNJ,15d,unfiltered,127,0.575,-0.0022648547088906343,1.0
JNJ,1m,filtered,39,0.59,-0.0034919029529636267,
JNJ,1m,unfiltered,127,0.591,-0.004013151177955542,2.0
JNJ,2m,filtered,39,0.59,0.0009142682295483576,
JNJ,2m,unfiltered,127,0.543,-0.0004605293643690214,1.0
JNJ,3m,filtered,39,0.615,-0.0027866409033134296,
JNJ,3m,unfiltered,127,0.591,0.010682986802388786,
JNJ,4m,filtered,39,0.641,-0.004674255941609728,
JNJ,4m,unfiltered,127,0.567,0.06655937700015276,
JNJ,5m,filtered,39,0.718,0.0011259532945920602,
JNJ,5m,unfiltered,127,0.559,-0.0006521274522263956,1.0
JNJ,6m,filtered,39,0.667,0.0025805911550292058,
JNJ,6m,unfiltered,127,0.543,-0.007014909194815132,4.0
JNJ,7m,filtered,39,0.692,-0.0034930216534063466,
JNJ,7m,unfiltered,127,0.583,0.008314942952207952,
JNJ,8m,filtered,39,0.59,-0.0066986228842287904,
JNJ,8m,unfiltered,127,0.488,0.05387368573923975,
JPM,1d,filtered,60,0.433,0.0015815525001035746,
JPM,1d,unfiltered,127,0.488,-0.001052111986966578,1.0
JPM,5d,filtered,60,0.617,0.004822582109679323,
JPM,5d,unfiltered,127,0.614,0.005646620932082909,
JPM,10d,filtered,60,0.617,0.015714996641451425,
JPM,10d,unfiltered,127,0.598,0.008200076989869248,
JPM,15d,filtered,60,0.667,0.010429241043591745,
JPM,15d,unfiltered,127,0.646,0.0057451106570517345,
JPM,1m,filtered,60,0.7,0.007094360990892912,
JPM,1m,unfiltered,127,0.606,0.002747420132538702,
JPM,2m,filtered,60,0.767,0.013776581051141826,
JPM,2m,unfiltered,127,0.661,-0.009268382742026491,1.0
JPM,3m,filtered,60,0.783,0.019674960365945248,
JPM,3m,unfiltered,127,0.654,-0.008823948842158891,1.0
JPM,4m,filtered,60,0.8,0.02923690126845752,
JPM,4m,unfiltered,127,0.677,-0.011182219807378603,1.0
JPM,5m,filtered,60,0.85,0.035398026184742575,
JPM,5m,unfiltered,127,0.701,-0.004967710611206492,1.0
JPM,6m,filtered,60,0.883,0.04148573854184486,
JPM,6m,unfiltered,127,0.693,-0.002068777589945739,1.0
JPM,7m,filtered,60,0.9,0.042378099483704815,
JPM,7m,unfiltered,127,0.709,0.003737359608161492,
JPM,8m,filtered,60,0.817,0.0376368140895395,
JPM,8m,unfiltered,127,0.669,0.0037906584828986106,
MSFT,1d,filtered,43,0.698,0.005081719657382824,
MSFT,1d,unfiltered,127,0.567,0.0029694419214944005,
MSFT,5d,filtered,43,0.721,0.00661302697498057,
MSFT,5d,unfiltered,127,0.646,0.012044855466017548,
MSFT,10d,filtered,43,0.767,0.007065617273401221,
MSFT,10d,unfiltered,127,0.669,0.009454690838780528,
MSFT,15d,filtered,43,0.767,0.009212142800885415,
MSFT,15d,unfiltered,127,0.63,0.011453096199431925,
MSFT,1m,filtered,43,0.721,0.00904759854227246,
MSFT,1m,unfiltered,127,0.622,0.009012280113358008,
MSFT,2m,filtered,43,0.767,0.015645503535552382,
MSFT,2m,unfiltered,127,0.646,0.0032733645127524065,
MSFT,3m,filtered,43,0.837,0.01626214795310139,
MSFT,3m,unfiltered,127,0.669,0.00048295745449648505,
MSFT,4m,filtered,43,0.767,0.018413437245227496,
MSFT,4m,unfiltered,127,0.661,0.0028661920727816553,
MSFT,5m,filtered,43,0.767,0.017082513922434393,
MSFT,5m,unfiltered,127,0.638,0.00403670246466224,
MSFT,6m,filtered,43,0.767,0.01807720147436697,
MSFT,6m,unfiltered,127,0.622,0.004660523163072809,
MSFT,7m,filtered,43,0.884,0.0189683827619001,
MSFT,7m,unfiltered,127,0.677,0.005691171627840647,
MSFT,8m,filtered,43,0.814,0.017791816785896544,
MSFT,8m,unfiltered,127,0.638,0.006325079575285386,
SP500,1d,filtered,69,0.609,0.0004198426242877982,
SP500,1d,unfiltered,127,0.575,-0.0005446645380351021,1.0
SP500,5d,filtered,69,0.681,0.0040922099255480794,
SP500,5d,unfiltered,127,0.575,0.008353363188059973,
SP500,10d,filtered,69,0.638,0.004139188724280952,
SP500,10d,unfiltered,127,0.583,0.005233771792676573,
SP500,15d,filtered,69,0.725,0.007776016388426199,
SP500,15d,unfiltered,127,0.638,0.005990502514913757,
SP500,1m,filtered,69,0.754,0.010008460359730919,
SP500,1m,unfiltered,127,0.654,0.004782037548556314,
SP500,2m,filtered,69,0.812,0.02885207549964059,
SP500,2m,unfiltered,127,0.661,-0.002697086564995247,1.0
SP500,3m,filtered,69,0.841,0.04011004120272232,
SP500,3m,unfiltered,127,0.669,-0.004659705130007491,1.0
SP500,4m,filtered,69,0.87,0.04690098740977739,
SP500,4m,unfiltered,127,0.693,-0.009212443992364438,1.0
SP500,5m,filtered,69,0.899,0.05055102647841462,
SP500,5m,unfiltered,127,0.709,-0.014544321210410908,1.0
SP500,6m,filtered,69,0.884,0.054356241854480035,
SP500,6m,unfiltered,127,0.693,-0.01747815791784999,1.0
SP500,7m,filtered,69,0.884,0.0526180046028017,
SP500,7m,unfiltered,127,0.685,-0.02056367190991407,1.0
SP500,8m,filtered,69,0.855,0.047369956173028874,
SP500,8m,unfiltered,127,0.693,-0.0184784030711707,1.0
XLB,1d,filtered,75,0.547,-0.005275339200418148,
XLB,1d,unfiltered,127,0.575,-0.0015151539901564512,1.0
XLB,5d,filtered,75,0.507,-0.0006079928202477802,
XLB,5d,unfiltered,127,0.528,0.001991063147942239,
XLB,10d,filtered,75,0.533,0.0013026778347724713,
XLB,10d,unfiltered,127,0.551,0.0016470284479964865,
XLB,15d,filtered,75,0.613,0.003623876699989565,
XLB,15d,unfiltered,127,0.614,0.004040437258048331,
XLB,1m,filtered,75,0.72,0.00444596648142479,
XLB,1m,unfiltered,127,0.654,0.0064749375483569805,
XLB,2m,filtered,75,0.76,0.012337667621318467,
XLB,2m,unfiltered,127,0.661,0.0047992971351754074,
XLB,3m,filtered,75,0.787,0.01806170611414382,
XLB,3m,unfiltered,127,0.693,0.0006234094738383727,
XLB,4m,filtered,75,0.773,0.01915212830149141,
XLB,4m,unfiltered,127,0.669,-0.0035287429616068003,1.0
XLB,5m,filtered,75,0.8,0.018986043054500364,
XLB,5m,unfiltered,127,0.638,-0.007929351083143936,1.0
XLB,6m,filtered,75,0.787,0.020967281988993676,
XLB,6m,unfiltered,127,0.622,-0.01125868884264988,1.0
XLB,7m,filtered,75,0.747,0.024215354637795977,
XLB,7m,unfiltered,127,0.606,-0.007062032686688928,1.0
XLB,8m,filtered,75,0.72,0.02571194888415582,
XLB,8m,unfiltered,127,0.583,0.0001943600224182638,
XLE,1d,filtered,83,0.542,0.00762704898964616,
XLE,1d,unfiltered,127,0.551,0.007723577382088261,
XLE,5d,filtered,83,0.59,0.0013855033100277532,
XLE,5d,unfiltered,127,0.591,0.0043369994932948115,
XLE,10d,filtered,83,0.602,0.002751984954291125,
XLE,10d,unfiltered,127,0.63,0.0037863759802323742,
XLE,15d,filtered,83,0.614,0.0033420292641411923,
XLE,15d,unfiltered,127,0.598,0.003827658656854872,
XLE,1m,filtered,83,0.614,0.001955232488067594,
XLE,1m,unfiltered,127,0.559,0.0016152585387382368,
XLE,2m,filtered,83,0.663,0.003955432954080849,
XLE,2m,unfiltered,127,0.606,-0.01150277958899336,2.0
XLE,3m,filtered,83,0.663,0.0068103194671673825,
XLE,3m,unfiltered,127,0.591,-0.0219890235467288,2.0
XLE,4m,filtered,83,0.711,0.014122484761389878,
XLE,4m,unfiltered,127,0.646,-0.020797642740979394,2.0
XLE,5m,filtered,83,0.711,0.01827771781102839,
XLE,5m,unfiltered,127,0.638,-0.0166275467175397,2.0
XLE,6m,filtered,83,0.723,0.0203488935309919,
XLE,6m,unfiltered,127,0.654,-0.01781314292203641,2.0
XLE,7m,filtered,83,0.699,0.024428542926222877,
XLE,7m,unfiltered,127,0.638,-0.01779099501797014,2.0
XLE,8m,filtered,83,0.675,0.02394520425160222,
XLE,8m,unfiltered,127,0.606,-0.01795787270355974,2.0
XLF,1d,filtered,73,0.603,-0.010805925477998048,
XLF,1d,unfiltered,127,0.512,-0.009339283463677777,5.0
XLF,5d,filtered,73,0.589,-0.0006876580285440351,
XLF,5d,unfiltered,127,0.528,-0.0034475788487979427,4.0
XLF,10d,filtered,73,0.63,0.0026042611139668187,
XLF,10d,unfiltered,127,0.559,-0.0008359916199735034,1.0
XLF,15d,filtered,73,0.616,0.0015286583995172116,
XLF,15d,unfiltered,127,0.535,-0.0018000019652587285,1.0
XLF,1m,filtered,73,0.616,0.002218584436323974,
XLF,1m,unfiltered,127,0.559,-0.0021523771651895296,2.0
XLF,2m,filtered,73,0.822,0.015207790145796492,
XLF,2m,unfiltered,127,0.685,-0.024305758886898225,1.0
XLF,3m,filtered,73,0.795,0.01950667376347816,
XLF,3m,unfiltered,127,0.701,-0.025663559658648923,1.0
XLF,4m,filtered,73,0.781,0.02402070968398779,
XLF,4m,unfiltered,127,0.74,-0.02731800645212466,1.0
XLF,5m,filtered,73,0.795,0.022908604330525193,
XLF,5m,unfiltered,127,0.732,-0.028520796896723204,1.0
XLF,6m,filtered,73,0.781,0.024984937102244854,
XLF,6m,unfiltered,127,0.685,-0.031159090084068582,1.0
XLF,7m,filtered,73,0.795,0.023776807904136162,
XLF,7m,unfiltered,127,0.709,-0.034032383354348626,1.0
XLF,8m,filtered,73,0.767,0.02248785986803044,
XLF,8m,unfiltered,127,0.701,-0.037422358470256746,1.0
XLI,1d,filtered,83,0.578,0.0002614439882604526,
XLI,1d,unfiltered,127,0.598,-0.0006723494777192353,1.0
XLI,5d,filtered,83,0.566,-0.0037911313833696265,
XLI,5d,unfiltered,127,0.583,-0.0040406755574925015,3.0
XLI,10d,filtered,83,0.614,-0.0014418128550117303,
XLI,10d,unfiltered,127,0.591,-0.0019014981101117946,3.0
XLI,15d,filtered,83,0.614,0.0006387045001499302,
XLI,15d,unfiltered,127,0.583,-0.0011590883798472003,2.0
XLI,1m,filtered,83,0.675,0.0010523007908094855,
XLI,1m,unfiltered,127,0.622,-0.002634290754845506,3.0
XLI,2m,filtered,83,0.675,0.006454142141804228,
XLI,2m,unfiltered,127,0.614,-0.027612937482230232,3.0
XLI,3m,filtered,83,0.723,0.009839427304347179,
XLI,3m,unfiltered,127,0.669,-0.038576403419919233,3.0
XLI,4m,filtered,83,0.723,0.014003873775376563,
XLI,4m,unfiltered,127,0.669,-0.04421936409910703,4.0
XLI,5m,filtered,83,0.711,0.01661957207734879,
XLI,5m,unfiltered,127,0.661,-0.04714788139233713,4.0
XLI,6m,filtered,83,0.723,0.017380126940676886,
XLI,6m,unfiltered,127,0.646,-0.04867650817354673,4.0
XLI,7m,filtered,83,0.711,0.014625743270739086,
XLI,7m,unfiltered,127,0.63,-0.05093682395402651,5.0
XLI,8m,filtered,83,0.711,0.014406502338134036,
XLI,8m,unfiltered,127,0.638,-0.04821235508198569,4.0
XLK,1d,filtered,70,0.643,0.0020066738773054627,
XLK,1d,unfiltered,127,0.622,0.007585477569634657,
XLK,5d,filtered,70,0.686,0.0034838907349365933,
XLK,5d,unfiltered,127,0.622,0.002438969816067181,
XLK,10d,filtered,70,0.671,0.0055738859575937385,
XLK,10d,unfiltered,127,0.646,0.005288336663905779,
XLK,15d,filtered,70,0.714,0.009060080152497622,
XLK,15d,unfiltered,127,0.622,0.004499389268434511,
XLK,1m,filtered,70,0.7,0.009689590617398025,
XLK,1m,unfiltered,127,0.606,-0.0010950992256480306,1.0
XLK,2m,filtered,70,0.714,0.017656698380614802,
XLK,2m,unfiltered,127,0.598,-0.05795755380295684,2.0
XLK,3m,filtered,70,0.714,0.018668198010362114,
XLK,3m,unfiltered,127,0.606,-0.07457019661457312,4.0
XLK,4m,filtered,70,0.714,0.019824785542581363,
XLK,4m,unfiltered,127,0.583,-0.07312397209486311,5.0
XLK,5m,filtered,70,0.729,0.019007839393606073,
XLK,5m,unfiltered,127,0.559,-0.07111161951136184,6.0
XLK,6m,filtered,70,0.743,0.023859703124635954,
XLK,6m,unfiltered,127,0.559,-0.06956726193194765,8.0
XLK,7m,filtered,70,0.771,0.026332446753471028,
XLK,7m,unfiltered,127,0.551,-0.07543783242087027,10.0
XLK,8m,filtered,70,0.743,0.02237372780759024,
XLK,8m,unfiltered,127,0.535,-0.07858870192278372,11.0
XLP,1d,filtered,62,0.468,-0.006373484247091004,
XLP,1d,unfiltered,127,0.528,0.002658141798538292,
XLP,5d,filtered,62,0.629,0.005827242318607212,
XLP,5d,unfiltered,127,0.606,0.0005615557013993845,
XLP,10d,filtered,62,0.742,0.008017927249648543,
XLP,10d,unfiltered,127,0.685,0.0031355814273436164,
XLP,15d,filtered,62,0.79,0.007616648415257347,
XLP,15d,unfiltered,127,0.693,0.0018456578498064842,
XLP,1m,filtered,62,0.694,0.006592071400759415,
XLP,1m,unfiltered,127,0.606,-0.0018480066534484485,1.0
XLP,2m,filtered,62,0.742,0.014880686915489813,
XLP,2m,unfiltered,127,0.646,-0.024130683933792148,2.0
XLP,3m,filtered,62,0.71,0.01699439687566866,
XLP,3m,unfiltered,127,0.638,-0.027186103171685603,2.0
XLP,4m,filtered,62,0.71,0.01681248576537575,
XLP,4m,unfiltered,127,0.598,-0.029496818172936298,2.0
XLP,5m,filtered,62,0.806,0.023009062538870275,
XLP,5m,unfiltered,127,0.63,-0.02998938631691871,2.0
XLP,6m,filtered,62,0.79,0.024933453123149284,
XLP,6m,unfiltered,127,0.614,-0.03027513129261527,2.0
XLP,7m,filtered,62,0.758,0.02195563345474326,
XLP,7m,unfiltered,127,0.614,-0.031624592452689136,2.0
XLP,8m,filtered,62,0.758,0.020547293126814685,
XLP,8m,unfiltered,127,0.598,-0.025511714045975444,3.0
XLU,1d,filtered,76,0.539,-0.005075565102519573,
XLU,1d,unfiltered,127,0.598,0.004025341215891327,
XLU,5d,filtered,76,0.658,0.0015995352278032411,
XLU,5d,unfiltered,127,0.677,0.005082584812862759,
XLU,10d,filtered,76,0.697,0.0017544579875876712,
XLU,10d,unfiltered,127,0.677,0.0010141931212942603,
XLU,15d,filtered,76,0.632,0.0022168302437909405,
XLU,15d,unfiltered,127,0.622,-0.005376408602176481,2.0
XLU,1m,filtered,76,0.697,0.0034232844683727004,
XLU,1m,unfiltered,127,0.622,-0.015415477927797473,2.0
XLU,2m,filtered,76,0.684,0.010255482273857787,
XLU,2m,unfiltered,127,0.591,-0.09597732024930389,3.0
XLU,3m,filtered,76,0.75,0.010464949782640308,
XLU,3m,unfiltered,127,0.661,-0.04701262952796891,3.0
XLU,4m,filtered,76,0.711,0.011704643822677838,
XLU,4m,unfiltered,127,0.614,-0.03738601552028897,3.0
XLU,5m,filtered,76,0.789,0.013689511651604458,
XLU,5m,unfiltered,127,0.63,-0.04042991870174721,3.0
XLU,6m,filtered,76,0.75,0.014934936349494143,
XLU,6m,unfiltered,127,0.606,-0.04047453562458488,3.0
XLU,7m,filtered,76,0.75,0.016013151038613747,
XLU,7m,unfiltered,127,0.606,-0.04307451374768609,4.0
XLU,8m,filtered,76,0.711,0.017704118251534277,
XLU,8m,unfiltered,127,0.567,-0.043588411975913774,4.0
XLV,1d,filtered,69,0.536,-0.004717909101939418,
XLV,1d,unfiltered,127,0.543,-0.006606491492190323,2.0
XLV,5d,filtered,69,0.551,-0.004121964566318165,
XLV,5d,unfiltered,127,0.496,-0.0024174648251596145,2.0
XLV,10d,filtered,69,0.58,-0.0005091186087908527,
XLV,10d,unfiltered,127,0.559,0.002400416114111143,
XLV,15d,filtered,69,0.58,-0.0032736590207385514,
XLV,15d,unfiltered,127,0.583,0.0008177156731151722,
XLV,1m,filtered,69,0.594,-0.0007437150900177532,
XLV,1m,unfiltered,127,0.575,-0.003387963580006289,1.0
XLV,2m,filtered,69,0.594,0.00038089817537957063,
XLV,2m,unfiltered,127,0.567,-0.030638562596783506,3.0
XLV,3m,filtered,69,0.739,0.009441654784514027,
XLV,3m,unfiltered,127,0.63,-0.0311226680433082,3.0
XLV,4m,filtered,69,0.783,0.012235910103895816,
XLV,4m,unfiltered,127,0.661,-0.027186257224779627,3.0
XLV,5m,filtered,69,0.826,0.013353054416247,
XLV,5m,unfiltered,127,0.661,-0.017682844813137685,2.0
XLV,6m,filtered,69,0.87,0.016061749640315825,
XLV,6m,unfiltered,127,0.677,-0.008195218143225597,2.0
XLV,7m,filtered,69,0.855,0.016588381393717266,
XLV,7m,unfiltered,127,0.661,-0.010989481844787138,1.0
XLV,8m,filtered,69,0.855,0.014981717638736576,
XLV,8m,unfiltered,127,0.646,-0.006009087381117382,1.0
XLY,1d,filtered,78,0.641,-0.0072827068974558465,
XLY,1d,unfiltered,126,0.651,0.004014841176801335,
XLY,5d,filtered,78,0.641,-0.0005996021618138483,
XLY,5d,unfiltered,126,0.627,0.004169677787757372,
XLY,10d,filtered,78,0.615,0.0021748270526754884,
XLY,10d,unfiltered,126,0.603,0.003634865447100277,
XLY,15d,filtered,78,0.679,0.004521125228679523,
XLY,15d,unfiltered,126,0.635,0.00339323997310755,
XLY,1m,filtered,78,0.679,0.00442539498485025,
XLY,1m,unfiltered,126,0.627,-0.0001774022613204285,1.0
XLY,2m,filtered,78,0.756,0.012555081380307812,
XLY,2m,unfiltered,126,0.675,-0.021021751826372274,2.0
XLY,3m,filtered,78,0.744,0.0187730667813456,
XLY,3m,unfiltered,126,0.659,-0.04762674127775833,3.0
XLY,4m,filtered,78,0.769,0.01980194991424607,
XLY,4m,unfiltered,126,0.651,-0.05277344864952082,4.0
XLY,5m,filtered,78,0.731,0.023081935492320287,
XLY,5m,unfiltered,126,0.595,-0.05301865629800757,4.0
XLY,6m,filtered,78,0.769,0.023768387971626757,
XLY,6m,unfiltered,126,0.603,-0.06321463122527717,6.0
XLY,7m,filtered,78,0.756,0.019648936233495035,
XLY,7m,unfiltered,126,0.611,-0.06281761836779871,6.0
XLY,8m,filtered,78,0.718,0.012748532157882199,
XLY,8m,unfiltered,126,0.587,-0.05737053144545397,7.0
XOM,1d,filtered,73,0.548,-0.0025120672975101187,
XOM,1d,unfiltered,127,0.535,-0.004144345814131203,2.0
XOM,5d,filtered,73,0.562,-0.00305115099557235,
XOM,5d,unfiltered,127,0.551,-0.002062506919111406,2.0
XOM,10d,filtered,73,0.425,2.6036619498808625e-05,
XOM,10d,unfiltered,127,0.472,-0.0006219873398633147,1.0
XOM,15d,filtered,73,0.466,9.168793677882966e-05,
XOM,15d,unfiltered,127,0.488,-0.0017379379793817,2.0
XOM,1m,filtered,73,0.507,0.0003664353133085631,
XOM,1m,unfiltered,127,0.512,-0.0014280891461748205,1.0
XOM,2m,filtered,73,0.603,0.005353165471572476,
XOM,2m,unfiltered,127,0.52,-0.01035079691406076,2.0
XOM,3m,filtered,73,0.685,0.02050519801604304,
XOM,3m,unfiltered,127,0.575,-0.00896778963208312,1.0
XOM,4m,filtered,73,0.753,0.023521790263453485,
XOM,4m,unfiltered,127,0.551,-0.018248303628510338,3.0
XOM,5m,filtered,73,0.753,0.022696885032952568,
XOM,5m,unfiltered,127,0.591,-0.018577054846705108,3.0
XOM,6m,filtered,73,0.726,0.025572653444381796,
XOM,6m,unfiltered,127,0.591,-0.013359857731673289,1.0
XOM,7m,filtered,73,0.699,0.027612447399505365,
XOM,7m,unfiltered,127,0.575,-0.016748880646841026,2.0
XOM,8m,filtered,73,0.753,0.030938156328081043,
XOM,8m,unfiltered,127,0.622,-0.019762989676390327,3.0
SP500ded,1d,filtered,105,0.59,0.006794528723474021,
SP500ded,1d,unfiltered,187,0.556,0.0052389725890814275,
SP500ded,5d,filtered,105,0.638,0.00796282767294275,
SP500ded,5d,unfiltered,187,0.615,0.004774820706597049,
SP500ded,10d,filtered,105,0.657,0.007015840865504904,
SP500ded,10d,unfiltered,187,0.604,0.004363625657384221,
SP500ded,15d,filtered,105,0.657,0.009075292197077423,
SP500ded,15d,unfiltered,187,0.594,0.004514940904038778,
SP500ded,1m,filtered,105,0.648,0.012175593010914617,
SP500ded,1m,unfiltered,187,0.578,0.003421385281159341,
SP500ded,2m,filtered,105,0.762,0.031780561198791885,
SP500ded,2m,unfiltered,187,0.642,0.00043726058611540537,
SP500ded,3m,filtered,105,0.838,0.04371393635049367,
SP500ded,3m,unfiltered,187,0.695,-0.004847523132108206,2.0
SP500ded,4m,filtered,105,0.829,0.04882919581423937,
SP500ded,4m,unfiltered,187,0.701,-0.006468708619298423,2.0
SP500ded,5m,filtered,105,0.848,0.05511194426647044,
SP500ded,5m,unfiltered,187,0.706,-0.0050050610022394654,1.0
SP500ded,6m,filtered,105,0.886,0.05847816653561313,
SP500ded,6m,unfiltered,187,0.711,-0.00340995365889557,1.0
SP500ded,7m,filtered,105,0.857,0.05733775138874313,
SP500ded,7m,unfiltered,187,0.695,-0.0004583241457639658,1.0
SP500ded,8m,filtered,105,0.876,0.05771717428882921,
SP500ded,8m,unfiltered,187,0.701,-0.0032657122995440545,1.0
