origin_idx,origin_date,alpha_con,gamma_con,beta_con,lam0_con,lam1_con,delta_con,lam2_con,LLF_con,exitflag_con,delta_unc,LLF_unc,alpha_unc,gamma_unc,beta_unc,lam0_unc,lam1_unc,lam2_unc
3773,2015-01-02,0.00949381407074427,0.128410369823397,0.862462221312606,7.15705538848381e-12,0.00286260542457372,0.00241272273635537,0.996137394574492,-7113.66076893322,2,0.00241271759470266,-7113.66076893668,0.00949383863308354,0.128410060535549,0.862462241514027,8.9462701772139e-12,0.00286259087472823,0.996137409124104
3794,2015-02-03,0.00995300686434502,0.130251767073065,0.861646100499338,2.17349968994095e-12,0.00301719698620997,0.00254568552956042,0.995982803013512,-7110.45743839308,1,0.00254568475937599,-7110.45743842364,0.00995301558862948,0.130251785078028,0.861646067079504,4.34699359422067e-11,0.00301719560815977,0.995982804386289
3815,2015-03-05,0.00964595885600476,0.12568792776148,0.865419462052775,4.20492799333789e-11,0.00297842267405735,0.00252601002071543,0.996021577320496,-7088.57610047352,2,0.00252601081874022,-7088.57610060162,0.00964593925944893,0.125687910216079,0.865419569730935,2.10270847913368e-10,0.00297842037124793,0.996021579601578
3836,2015-04-06,0.00886091476385102,0.122947025874912,0.868678590154491,4.68403873756113e-11,0.00342072073214064,0.00246347870427202,0.995579279261376,-7079.85730277069,2,0.00246347840722058,-7079.85730277043,0.00886092367956842,0.122947067307981,0.868678548756368,4.68402732742549e-11,0.0034207247557254,0.995579275237791
3857,2015-05-05,0.00933845321469928,0.12469637406487,0.866105041285727,2.36946736798186e-12,0.00359693489879428,0.00244799129513811,0.995403065100857,-7064.90780113742,1,0.00244798959504615,-7064.90780116778,0.00933841589944582,0.124696373809481,0.866105048446648,4.73890238137453e-11,0.00359693727831196,0.995403062714703
3878,2015-06-04,0.00937843115837996,0.124373009213068,0.865966071640017,2.21119486324327e-12,0.00376312315776396,0.0023523267719224,0.995236876841907,-7044.73737236229,2,0.00235232830825713,-7044.7373725195,0.0093783820021652,0.124373129031717,0.865966137885818,2.21119344660422e-10,0.00376315113169521,0.995236848835445
3899,2015-07-06,0.0121040757120353,0.125973862034622,0.861533862035955,1.73548511017072e-12,0.00365461628068647,0.0022183488314455,0.995345383719026,-7003.77022926772,1,0.00221834707423827,-7003.77022942733,0.0121037960366341,0.125973947062567,0.861534031239447,1.73547245525315e-10,0.00365458740142524,0.995345412569845
3920,2015-08-04,0.0119556973010667,0.128872936434173,0.858181204284675,1.99516347039705e-12,0.00396168835672282,0.00236918334296925,0.99503831164283,-6985.73159873081,1,0.00236918380947107,-6985.7315988884,0.0119557779795243,0.128872915318683,0.858181101791157,1.99483194774539e-10,0.00396169760331366,0.995038302352238
3941,2015-09-02,0.0112429274983083,0.127805532856723,0.864304350143918,6.57399664792324e-11,0.00560325491739967,0.00269928355684745,0.993396745049845,-6993.38887273282,2,0.00269928343663639,-6993.38887334095,0.01124292696507,0.1278055353282,0.864304327519485,1.31479165332736e-09,0.00560325928598571,0.993396740058919
3962,2015-10-02,0.0103170749904128,0.128988582470472,0.85714786552421,6.84438995630195e-10,0.0106386678512279,0.00503883014109784,0.987961659372087,-6990.72662367336,2,0.00503887331864802,-6990.72662399448,0.0103170649098723,0.128988545929529,0.85714782064093,3.43699996951478e-09,0.0106386720541756,0.987961644267557
3983,2015-11-02,0.0113016499779942,0.129313378517577,0.855893993984319,6.58669320386297e-10,0.0113397968504705,0.00776374173645279,0.986716063467796,-6978.28234357498,2,0.00776385734133249,-6978.2823435121,0.0113016761793619,0.129313565887644,0.855893750503668,1.31734442031791e-10,0.0113398496210554,0.98671598783919
4004,2015-12-02,0.0109832317621367,0.130383037476865,0.855444391974057,1.40532635867076e-10,0.0112720098332384,0.00654842688949084,0.987038666842682,-6966.01588585299,2,0.00654843873998801,-6966.01588623707,0.0109832140174165,0.130383067030402,0.855444404127369,3.51330066531889e-09,0.0112720245682839,0.987038650804972
4025,2016-01-04,0.0103903494537796,0.129140106061781,0.855873146137305,8.57080479120422e-10,0.0119362282827315,0.006550166363839,0.986418703744375,-6962.14986436985,2,0.00655025409136107,-6962.14986430662,0.0103903670276263,0.12914002389976,0.855873132879002,1.71035020014808e-10,0.0119362646492221,0.986418648250679
4046,2016-02-03,0.0101972935003866,0.127979674448468,0.85849096833082,1.1644064662494e-09,0.0131039262004518,0.00829928788265803,0.985025251557061,-6972.18863961809,2,0.00829930909567635,-6972.18863993792,0.0101972330013958,0.127979661140381,0.858491113340005,5.8157545730597e-09,0.0131039636760823,0.985025210579428
4067,2016-03-04,0.0096906840657258,0.129115156208806,0.85624830294135,2.75153320980846e-10,0.0131369515687352,0.00745049232846375,0.985175141712928,-6969.66489219653,2,0.00745047274186548,-6969.66489378062,0.00969069236775835,0.129115243901605,0.8562482257536,2.75153037184212e-08,0.0131369774098076,0.985175115080938
4088,2016-04-05,0.00954557684515465,0.133256771304573,0.854499592861341,1.78633075305036e-09,0.0124498824707208,0.00503445207157948,0.986340074108598,-6959.04625666926,1,0.00503448481959369,-6959.04625819017,0.00954560294683399,0.133256623416241,0.854499666159603,3.57274394082818e-08,0.0124498943069741,0.986340046334145
4109,2016-05-04,0.0063902882419245,0.149075694453036,0.838562399809709,1.10867415999929e-09,0.0173197224503924,0.0157457207530903,0.979131732150537,-6933.63467425963,2,0.0157458428718616,-6933.63467457998,0.0063903649686891,0.149075557139924,0.838562330389941,5.5433553624865e-09,0.0173197942971543,0.979131632672057
4130,2016-06-03,0.00757665782589427,0.152194019108135,0.833733336514527,1.11137362854125e-09,0.017825517195806,0.0150264702353183,0.97875763655872,-6925.42563536108,1,0.015026557222398,-6925.42563688163,0.00757676726751549,0.152193763440477,0.833733378531495,2.2227338022976e-08,0.017825615898735,0.978757512627392
4151,2016-07-05,0.00821977699684734,0.150547265936021,0.834651846033729,2.58973986016769e-10,0.0179475334165083,0.0140672822121854,0.978789099548493,-6913.19320857109,1,0.0140672563628189,-6913.1932086318,0.00821980824041376,0.150547186748768,0.834651849247911,1.07758190933657e-09,0.0179475380842981,0.978789098379611
4172,2016-08-03,0.00801974034225953,0.155214312182232,0.829718473421287,1.09055636111315e-09,0.0176681257071697,0.015344167737716,0.97883321262976,-6904.52470166056,2,0.0153441918867339,-6904.5247016607,0.00801975266820221,0.155214296538076,0.829718408844161,1.09054390221993e-09,0.0176681331569196,0.978833198361866
4193,2016-09-01,0.00729928818175892,0.158273732567477,0.831234418581784,9.98762567601908e-10,0.0183647469438069,0.012789428535196,0.978649647602031,-6887.05274738713,2,0.0127894902395215,-6887.05274930746,0.00729936368038997,0.158273811027855,0.831234237658025,2.49724244000053e-08,0.0183648213078103,0.978649557345383
4214,2016-10-03,0.00781720789579116,0.161193920066644,0.827594701472335,2.0063247856948e-10,0.018374295502512,0.0137513336013514,0.978429484272585,-6874.54220404676,1,0.0137512961306408,-6874.54220411062,0.00781718270345932,0.161194076098426,0.827594623070482,1.00316483978956e-09,0.0183742866707487,0.978429500990443
4235,2016-11-01,0.00859589567729461,0.16712623590597,0.82377769300193,8.84406999502843e-10,0.0185928175622574,0.0128204571627266,0.97836597693489,-6855.01157044226,2,0.0128205206872525,-6855.01157076258,0.00859592374561576,0.167126211033589,0.823777645210594,4.42495164055549e-09,0.0185928969134196,0.9783658834114
4256,2016-12-01,0.00892851425332583,0.168741788921002,0.821217626484532,1.82272708868272e-10,0.0195252810755016,0.0127575202199619,0.977427431864797,-6841.76176664608,2,0.0127575595634547,-6841.76176703025,0.00892852494061336,0.16874185443001,0.821217583363085,4.55643810025298e-09,0.0195253119022699,0.977427390935019
4277,2017-01-03,0.0098964055669432,0.172952904698699,0.818744848671284,1.98334531727476e-10,0.021795975266259,0.0111409100773073,0.975478264780779,-6822.34999400175,2,0.0111409956536323,-6822.34999430603,0.00989644394036124,0.172952751589768,0.818744826287384,3.96665619591411e-09,0.0217960545907446,0.975478163549181
4298,2017-02-02,0.00706524865060503,0.174757378607458,0.818947138342684,3.95959766297735e-11,0.0167421261347931,0.0133689559165052,0.980107379684808,-6816.05326729649,2,0.0133689661657213,-6816.05326737259,0.007065253100621,0.174757309524411,0.818947165766459,7.91915139992272e-10,0.0167421309479714,0.98010737090019
4319,2017-03-06,0.00318286136229672,0.181105564706285,0.821219878003092,1.52968688936848e-10,0.0174831334599745,0.012682553259643,0.979374910344469,-6787.10711519683,1,0.0126823998311189,-6787.10711526019,0.00318288439746864,0.181105451369415,0.821219995477569,7.64891182628119e-10,0.0174830516437879,0.97937502626735
4340,2017-04-04,0.00319460956893577,0.183294186088701,0.821197233743101,1.42437342010346e-10,0.0179241633440946,0.0106390634254804,0.979339744140249,-6764.24283852437,2,0.0106390808740831,-6764.24283858842,0.00319458388986208,0.183294114921806,0.821197352283718,7.12173887080143e-10,0.017924161179854,0.979339742978322
4361,2017-05-04,0.00401300026700306,0.179011742701168,0.824178732580968,6.31238453982808e-10,0.0177186975056026,0.00870454293024881,0.979875284506899,-6737.7871133521,2,0.00870463729959545,-6737.78711335267,0.0040130712099502,0.179011716152947,0.824178462890025,6.31483541171862e-10,0.0177187758134516,0.979875179547858
4382,2017-06-05,0.00441620390709119,0.17573692948591,0.822731850971584,7.59766617346412e-10,0.0187452121505981,0.0113453904609684,0.97832506954764,-6732.8588763904,2,0.0113454447446954,-6732.85887791066,0.00441624326136856,0.175737129686319,0.822731691222789,1.51950148143474e-08,0.0187452591140206,0.978325010009293
4403,2017-07-05,0.00433711061552342,0.174400932184175,0.823774015504758,1.61465606891033e-10,0.0179409784367133,0.0122224339465239,0.978913684382041,-6724.25970271826,1,0.0122223930858309,-6724.25970278203,0.00433719631952114,0.174400892966273,0.823774087374444,8.07326295775047e-10,0.0179409346236421,0.978913739754524
4424,2017-08-03,0.00716097065900475,0.176468262450944,0.816563758017956,1.71398817943105e-10,0.018097309691451,0.0140278410348008,0.978254498627989,-6702.21339068126,2,0.014027794942409,-6702.21339074506,0.00716097378010689,0.176468226141116,0.816563762892663,8.56999205207962e-10,0.0180972891014412,0.978254529051081
4445,2017-09-01,0.00819328244413666,0.17599933139712,0.814317992602076,8.61268191472867e-10,0.018474721998428,0.014009704413253,0.977869278085829,-6690.20076702683,1,0.0140097818492382,-6690.20076734722,0.0081933134936837,0.175999464625429,0.814317773175583,4.30796923656482e-09,0.0184747701399218,0.977869208631585
4466,2017-10-03,0.00803974484520324,0.176146949263508,0.812717986623367,1.73538487523273e-10,0.0193667671229334,0.0133075537486754,0.977154567652978,-6680.71443675191,2,0.0133075546052948,-6680.71443681595,0.00803973323064996,0.176146819920679,0.812718054804231,8.67694406292502e-10,0.0193667888030469,0.97715454540503
4487,2017-11-01,0.00750801073062363,0.170801533505315,0.820618203233481,8.24540239706884e-10,0.0163968465442229,0.0135247005868641,0.979837069618842,-6654.06873217857,2,0.0135246662210081,-6654.06873217837,0.00750801891313751,0.170801506071234,0.820618262575358,8.24545674127613e-10,0.016396807714896,0.979837117340708
4508,2017-12-01,0.00198265266758341,0.168053248129853,0.844150364771419,3.77371566428494e-10,0.00725955015323438,0.00551492295701717,0.990846451312734,-6622.09521660461,2,0.00551486068399841,-6622.09521808224,0.00198276401841091,0.168053233456006,0.844150310803792,7.35416399046621e-09,0.00725957642750814,0.990846440563073
4529,2018-01-03,0.00266606330518031,0.167617734182843,0.844116282382168,3.86341023814751e-10,0.00737823236741458,0.00528151781256259,0.990780637011918,-6606.5152506907,1,0.00528155665314361,-6606.51525221147,0.0026658704744611,0.167618035937012,0.844116206578973,7.72614885808369e-09,0.00737825939248344,0.990780597536388
4550,2018-02-02,0.00109170239610742,0.172032455089255,0.845225907805332,6.55214408770391e-09,0.00624150681370162,0.00427667953496316,0.992194330011789,-6591.1010060477,1,0.00427666829619127,-6591.10100604736,0.00109171758785223,0.17203237768596,0.845225962569217,6.55215945104508e-09,0.00624149964618559,0.99219433990631
4571,2018-03-06,0.000783807977949612,0.177359624957152,0.842397653055752,3.01881450042795e-08,0.00548715040302246,0.00344491036863783,0.993165082999017,-6580.02686686164,1,0.00344492573600546,-6580.02685893872,0.000783131046381954,0.177359945235419,0.842398140355684,3.01882835557094e-10,0.00548709370896579,0.993165142219138
4592,2018-04-05,0.000418357531073603,0.182805211418509,0.838695977330932,6.71909915161039e-09,0.00644322589392228,0.00435968925511311,0.991999937758395,-6574.1704205863,1,0.00435968507451586,-6574.17042058652,0.00041839663437433,0.18280524042373,0.83869580757731,6.71913222872521e-09,0.00644323090083154,0.991999932278631
4613,2018-05-04,5.95781490935032e-05,0.172283576308143,0.850163784826191,1.57739830720032e-07,0.00647767626120738,0.00512592712812055,0.991815579829678,-6564.48971411342,1,0.00511991733273741,-6564.48965949387,1.69319837837203e-05,0.172294656364035,0.850209631143084,3.15249913385278e-10,0.0064723919264265,0.991822329388401
4634,2018-06-05,1.26463433963873e-07,0.179097362253235,0.845533563000106,7.0454538323275e-09,0.00561959919659155,0.00311840177893098,0.993138920522472,-6539.71151444839,1,0.00311836462686277,-6539.71151140651,6.32428255624198e-09,0.179097419423504,0.845533712086008,3.52274006631428e-10,0.00561957194418407,0.993138959057186
4655,2018-07-05,5.92211074122412e-10,0.178950949552356,0.846839735473105,8.58860394369904e-11,0.00598169146406345,0.00249469155835979,0.992926114482275,-6524.19932424663,1,0.00249446820082487,-6524.19932430544,5.92211505554866e-10,0.178950918036032,0.846839709963125,8.58861021516368e-11,0.0059816921342019,0.992926113091394
4676,2018-08-03,0.00138159704941596,0.185115107422668,0.838749959216012,3.6633424536576e-10,0.00677720998301672,0.00439536600666785,0.991710709800246,-6522.03188280104,1,0.00439536847313509,-6522.03188312131,0.00138158985330572,0.185115200014078,0.838749868244583,1.83167557038268e-09,0.00677720622881768,0.991710711829981
4697,2018-09-04,8.33422289669074e-09,0.186924185963253,0.841496907893961,3.83860834358598e-10,0.00588158226829376,0.00314854075090937,0.992894910614684,-6501.90090090003,1,0.00314842895994083,-6501.90090091358,8.33422412806052e-09,0.186924180708593,0.84149690434405,3.83860891143803e-10,0.0058815822318367,0.992894910471502
4718,2018-10-03,0.000114910445745587,0.189836117200377,0.838756343610978,7.65286227889508e-09,0.00611247385846284,0.00348173760867589,0.992592317304415,-6494.05400866081,1,0.00348168440125849,-6494.05400713287,0.0001140854748434,0.189836479416075,0.838757037612117,3.82637266851582e-10,0.0061124031499017,0.992592402803034
4739,2018-11-01,0.000482890540134942,0.182604520335814,0.842854175136253,3.62632452029309e-10,0.00612785709126873,0.00430697831670967,0.992369125163932,-6488.53839272862,1,0.00430700143119567,-6488.53839296947,0.000482960357358692,0.182604475495199,0.842854037452446,1.45050579181181e-09,0.00612787653485843,0.992369100085208
4760,2018-12-03,0.000911325314672799,0.177637801590177,0.848580998247982,7.33033251248968e-11,0.00611943486313403,0.00478947001957668,0.992286991947991,-6501.90833979285,1,0.00478947877692342,-6501.90834017724,0.000911363967555697,0.177637729146663,0.848581011799878,1.8325862287791e-09,0.00611944514767873,0.992286978788322
4781,2019-01-04,0.00123877120380711,0.174134901855921,0.856542609854161,7.3459462616966e-09,0.00605606101694359,0.00548547122868942,0.992257574184924,-6517.15212937722,1,0.00548547721639675,-6517.15212977762,0.00123882951479093,0.174134900365526,0.856542518805889,9.18265912537552e-09,0.00605606937313754,0.992257563704305
4802,2019-02-05,0.000101091851993178,0.16698475065209,0.862158126255711,3.38995751959841e-10,0.00575398778953953,0.00551277077568472,0.992516727253303,-6512.03020897277,1,0.00551278639428361,-6512.03020929363,0.000101198913900004,0.16698471128213,0.862158059097543,1.69498796319861e-09,0.00575399992563837,0.992516711031955
4823,2019-03-07,1.06621288488082e-07,0.174677484626365,0.858883802596927,7.62429340569794e-09,0.00503732388367652,0.00366797973322015,0.993688972418466,-6491.67436782651,1,0.00366793772189916,-6491.67436542393,2.66556104437509e-08,0.174677564474991,0.858883883450921,1.9060734256173e-09,0.00503730396497149,0.99368900446116
4844,2019-04-05,3.23459895856002e-09,0.173281933397211,0.857187504121872,3.31133448098367e-10,0.00513139086731752,0.00482773743373512,0.99328581000623,-6472.85772644753,1,0.0048275228958445,-6472.85772649899,3.23460131799939e-09,0.173281894855557,0.857187477872271,3.31133690038519e-10,0.00513139150263121,0.993285808729069
4865,2019-05-07,1.86087413323705e-07,0.178654177965851,0.853401449965397,7.16775927294507e-09,0.00572924458975973,0.00536634593589046,0.992585504474687,-6467.45113254897,1,0.00536634453508055,-6467.45113254782,1.8596695563731e-07,0.178654099307134,0.853401531747178,7.16764032219764e-09,0.00572922658138508,0.992585522464997
4886,2019-06-06,8.43254766672242e-09,0.180463274660055,0.851410550487278,7.4038701243466e-11,0.00609938573107778,0.00584255861107869,0.992106818315777,-6465.67014913216,1,0.0058422977735761,-6465.67014918633,8.43255369819654e-09,0.18046323749404,0.851410525644611,7.40387544072309e-11,0.00609938636566524,0.992106816797981
4907,2019-07-08,3.10431092096903e-09,0.183835124410681,0.849412762726153,7.53369335162635e-11,0.00601762386497258,0.00550164408316335,0.992275583307077,-6451.12417065273,1,0.00550153264617209,-6451.1241706627,3.1043118156139e-09,0.183835117919547,0.849412758822362,7.5336955250903e-11,0.00601762384788619,0.992275583150011
4928,2019-08-06,0.00153263986201402,0.186914445040092,0.844409438414638,1.98163254156176e-09,0.00599291929511112,0.00589673790200385,0.99218478178462,-6435.09774217477,1,0.00589686359368334,-6435.09774179416,0.00153243699836066,0.186914440464617,0.844409474445193,7.92721052292017e-11,0.00599296541559567,0.992184700142897
4949,2019-09-05,0.00171526235634203,0.182614032551978,0.846603247182506,4.3153406377957e-10,0.00652973831382008,0.00634299966889973,0.991537345779725,-6437.05883817572,1,0.00634302381417016,-6437.05884009665,0.0017154241038049,0.18261397644507,0.846603109615626,1.07883875420372e-08,0.00652976526740368,0.991537310220354
4970,2019-10-04,0.00168700389179749,0.181222403480031,0.84586593122459,5.02112444353101e-08,0.00765536258705298,0.00690189471681692,0.990280347717241,-6435.03929404167,1,0.00690184209165525,-6435.03928763856,0.00168667489878059,0.181222453896073,0.845866262049825,1.00421897115045e-08,0.00765529010324991,0.990280443332856
4991,2019-11-04,0.00258101060649983,0.181539109623275,0.843872989127019,2.85750689805902e-09,0.00828283750024929,0.00735119784760659,0.98954435693959,-6428.03621630406,1,0.00735119302204696,-6428.03621790426,0.00258108095738801,0.181539028581759,0.843872973570705,1.42875709799147e-08,0.00828284456511111,0.989544347423486
5012,2019-12-04,0.00206521083654855,0.182060389917353,0.844199770864039,6.20816774331334e-08,0.00875328548809706,0.00692058572127459,0.989175852920457,-6419.28891811085,1,0.00692056413366192,-6419.28891170876,0.00206490974750173,0.182060401918043,0.844200163998681,1.24163860865416e-08,0.00875322438265182,0.989175933038205
5033,2020-01-06,0.00027580272064508,0.187123570751972,0.842858868154158,5.01396073290249e-10,0.00822921001433575,0.00733630817062556,0.989520005357571,-6396.4832139764,1,0.00733636032295521,-6396.48321551471,0.000276188189540243,0.187123419977934,0.842858509046658,1.25348043807154e-08,0.00822926556854013,0.989519932704929
5054,2020-02-05,4.3842868447716e-10,0.190002472432711,0.841842144528257,1.33527289109126e-10,0.0082463229093051,0.00802272433928277,0.989379508655929,-6391.85821773661,2,0.00802227843038072,-6391.85821783253,4.38429322753458e-10,0.190002403971667,0.841842094795964,1.33527484079506e-10,0.00824632448136968,0.989379503717288
5075,2020-03-06,2.65404011920856e-07,0.20113639190463,0.837063496995811,7.04187377471595e-08,0.00821237117290953,0.0083294895694513,0.98942944150983,-6399.59037662378,1,0.00832946617002917,-6399.59036078355,2.65469532375602e-09,0.201136475590854,0.837063627977308,7.04183450108123e-10,0.00821225688476634,0.989429575972598
5096,2020-04-06,2.11862633120464e-08,0.209664205131652,0.834292956114844,4.0112956856978e-09,0.00900449861883399,0.00863623979389605,0.988703621870245,-6434.68864248552,1,0.00863624175322447,-6434.68864184555,4.2373285065528e-09,0.209664189317951,0.834292993713292,8.02256755063818e-10,0.00900450254065366,0.988703617911286
5117,2020-05-06,2.99473688845835e-09,0.212385045123699,0.830967079999246,8.5973372276593e-10,0.00937640205793653,0.00857085445275552,0.988349318466896,-6442.29048206812,1,0.00857087456993034,-6442.29048270844,1.49640465227762e-08,0.212385046966324,0.830967037642952,4.29892103341525e-09,0.00937639188827208,0.988349321599969
5138,2020-06-05,6.48859096297996e-08,0.214477598037222,0.830455583645466,1.97307230850219e-08,0.00890974162770446,0.00820585553950077,0.988873180638409,-6433.93344032579,1,0.00820586108498368,-6433.93343728566,3.24453416431896e-09,0.214477674756995,0.830455576595597,9.86523798071647e-10,0.0089097375704753,0.988873187972714
5159,2020-07-07,0.00213151359216907,0.207961788954033,0.827293799817232,1.51153633018086e-08,0.0111357644587197,0.0122451480347429,0.985653203017748,-6438.58636589349,1,0.0122451338997605,-6438.58636589328,0.00213154147960175,0.207961710460999,0.827293786328033,1.51150309476034e-08,0.011135706220218,0.985653261360198
5180,2020-08-05,3.04549670097023e-07,0.214840631227867,0.826211059617818,3.83537016049256e-09,0.0118176018463692,0.015547976404044,0.984190240919336,-6432.08547794042,1,0.015547997402048,-6432.08547730127,6.11067084250517e-08,0.214840784790774,0.826211247811789,7.67064007437517e-10,0.0118175931055572,0.984190247303651
5201,2020-09-03,0.00529729783494875,0.217031982681552,0.815845193830657,9.79494962870062e-10,0.0166846920101034,0.0221764696976861,0.977949270111795,-6436.01382554476,1,0.0221765539065065,-6436.01382746514,0.00529732428438001,0.217032060369705,0.815845087534907,2.44870021903325e-08,0.0166847375983167,0.977949198398077
5222,2020-10-05,0.00563866802628672,0.214502521033638,0.81694555494861,9.49134856778673e-10,0.0159207861997297,0.0216649424214787,0.978752729454169,-6445.29829140548,1,0.0216649848555904,-6445.29829332565,0.0056387984964501,0.214502197894189,0.816945534146468,2.37266770657009e-08,0.0159208473721513,0.978752647337493
5243,2020-11-03,0.00569575711487453,0.207060445637591,0.822076877263447,9.41404527802542e-10,0.0149576076696068,0.021233772269405,0.979678515316773,-6445.00628112616,1,0.0212337248757301,-6445.00628112605,0.00569567229622869,0.207060404997021,0.822076982871375,9.41405625984612e-10,0.0149575879784564,0.979678544771057
5264,2020-12-03,0.00685107411454646,0.204116806943765,0.824047145461266,4.43660600053569e-09,0.0135906198568541,0.0200819469524717,0.981279537291767,-6436.48331377773,1,0.0200818373201023,-6436.48331497727,0.00685112648646185,0.204116738832742,0.824047149668888,1.77466612033593e-08,0.0135905804220354,0.981279602785612
5285,2021-01-05,0.00815827707691747,0.205323352117157,0.823445345902291,4.2636363224018e-09,0.0120287856806056,0.0195751950259732,0.982934530607063,-6426.0644871202,1,0.0195752409755972,-6426.064487121,0.00815830452576145,0.205323516840859,0.823445224789177,4.27042172131188e-09,0.0120287954458486,0.982934511483945
5306,2021-02-04,0.00792816787688358,0.204727038055956,0.823448816582576,8.60829676247804e-10,0.012373588436775,0.0196090426402894,0.982585873861928,-6413.29183635031,1,0.0196090565353384,-6413.29183667038,0.00792815676154891,0.204727116965282,0.823448768357809,4.30417344818257e-09,0.0123736062320944,0.982585853284555
5327,2021-03-08,0.00832457060947966,0.207126481066908,0.821807794240546,8.79458224442475e-08,0.0120390398509303,0.0198341116708832,0.982861330962004,-6406.02305242032,2,0.0198342984762923,-6406.02304450112,0.00832448841293812,0.207126430261571,0.82180787869999,8.79498270905437e-10,0.0120390880248768,0.982861258058232
5348,2021-04-07,0.00811867830544545,0.20866748211615,0.820596142781756,4.33494578712635e-07,0.0107315364642948,0.0199636940643392,0.984009762390054,-6396.35367087955,1,0.0199635435765333,-6396.35363126163,0.00811822449252553,0.208667394284475,0.820596661247233,4.33227843999436e-09,0.0107312173869672,0.984010228523906
5369,2021-05-06,0.00748852768163403,0.208790219135673,0.821032432713176,8.63571244580217e-10,0.0104473000843506,0.0200497233601814,0.984231231925251,-6386.80181678035,1,0.0200497718811611,-6386.80181710066,0.0074885434233647,0.208790289398301,0.821032375682295,4.31791031512264e-09,0.0104473306333335,0.984231189291566
5390,2021-06-07,0.00805178192445006,0.207940618350588,0.820377769376957,9.30305262930442e-10,0.0107214416979861,0.0216641176349595,0.983467589652478,-6378.59441640519,1,0.0216640554324831,-6378.5944164048,0.00805173624680338,0.207940713735631,0.820377772853005,9.30316011089553e-10,0.0107214302669962,0.98346761875924
5411,2021-07-07,0.00850626233395912,0.212021392064805,0.817696589410883,5.32198371774895e-09,0.0112652028260681,0.0243815888187094,0.982229177603949,-6361.10820362376,1,0.0243817492378829,-6361.10820324049,0.00850614833710734,0.212021310526736,0.817696732639977,2.1284403819491e-10,0.0112652633708215,0.982229075739781
5432,2021-08-05,0.00867524966317572,0.213284994146378,0.815789600050267,5.80636865120419e-09,0.0119682650146072,0.0264623441989189,0.980943048401806,-6345.44803349323,1,0.0264623058080871,-6345.44803349443,0.00867520927280017,0.213284805160011,0.815789734787222,5.82560343204578e-09,0.0119682591646124,0.980943061579955
5453,2021-09-03,0.0083454951451757,0.213283662371252,0.815754084698219,1.19090512251931e-09,0.0127413876972876,0.027244109827792,0.979970755935857,-6336.84005078472,1,0.0272440348147788,-6336.84005270367,0.00834546456125574,0.213283819129932,0.815754163561656,2.97610160115916e-08,0.0127412953300603,0.979970866712088
5474,2021-10-05,0.00895127649596744,0.201205174823703,0.814690484824126,1.2960434556234e-07,0.0130919574036972,0.0285355677737957,0.978753532725123,-6297.91242183118,2,0.0285355780838812,-6297.9124142305,0.00895106286672193,0.201205552139356,0.814690499027887,6.48010394604938e-09,0.0130919075241391,0.978753617527478
5495,2021-11-03,0.00832435206251052,0.205240672586916,0.806855265720949,2.79292451787716e-08,0.0144826580068337,0.0320598810301611,0.976160749928605,-6264.59620230448,1,0.0320601887254101,-6264.59620110512,0.00832446616519176,0.205240504937417,0.806855094877704,6.98229431868657e-09,0.014482780134409,0.97616054113344
5516,2021-12-03,0.0085541650803276,0.199371526151478,0.80749383241952,1.50120366264122e-07,0.0136526218476096,0.0309584702810167,0.977149405042023,-6240.37519911616,1,0.0309583296840272,-6240.37519311521,0.00855412465943361,0.199371552620966,0.807493897658781,3.75300870964497e-08,0.0136525212724436,0.97714958053882
5537,2022-01-04,0.0126936691396779,0.199525924955308,0.80479815497059,3.26352726043206e-10,0.0121012965129256,0.0291505746349989,0.979387287825209,-6232.48194794949,1,0.0291506901487529,-6232.48194953403,0.012693759653037,0.1995260443259,0.804797942465333,3.26352463672567e-08,0.012101353595958,0.979387191368982
5558,2022-02-03,0.0103883830850911,0.199255583813148,0.809052304896124,2.01419253303369e-09,0.0113101224759179,0.0302058759681235,0.979912324755129,-6225.21690727545,2,0.0302058873605381,-6225.21690759546,0.0103883280528417,0.199255585279783,0.809052408982265,1.00695058438817e-08,0.0113101179111533,0.979912325020756
5579,2022-03-07,0.0101613790416951,0.196848766425294,0.809925393450688,2.0313831613548e-09,0.0109199249028886,0.0302230690479967,0.980193934525978,-6211.2734563284,2,0.0302238162406226,-6211.27345664574,0.010161106725738,0.196849215816299,0.809925141960598,1.00458770411103e-08,0.0109201686015263,0.980193474139493
5600,2022-04-05,0.0083156719074727,0.205435484679195,0.806039667294068,1.24528370199513e-08,0.00991501863966455,0.0331907989943038,0.980343378698936,-6203.20214257988,2,0.0331909429504755,-6203.20214418087,0.0083157111884121,0.205435498882663,0.806039636106759,6.23050680914645e-08,0.00991507064745551,0.980343272211569
5621,2022-05-05,0.00960463644554818,0.205464325860547,0.807763552163076,2.49940809793661e-09,0.0092093271845426,0.0335462288971698,0.981093185087453,-6208.59986183797,2,0.0335462664792755,-6208.5998621582,0.00960457199266428,0.205464207127925,0.807763736441355,1.24973032024862e-08,0.00920935079623221,0.981093143633104
5642,2022-06-06,0.0105636449276848,0.19980756411484,0.810481678381129,2.40247028455319e-09,0.00932586247985724,0.032409444644561,0.981258532998427,-6216.95229250645,1,0.0324096063410692,-6216.95229282714,0.0105636113735183,0.199807780169907,0.810481563094198,1.20124583303069e-08,0.00932589560911002,0.98125845281587
5663,2022-07-07,0.0102957116876296,0.199812629520485,0.810138808671418,2.49266847399873e-09,0.00995080527360426,0.0315289248192486,0.980897892391429,-6225.12645469529,2,0.0315292019131875,-6225.12645501627,0.0102958254858078,0.199812483211092,0.810138723718172,1.24633185472339e-08,0.00995087912990242,0.980897735311244
5684,2022-08-05,0.0100414051574223,0.199117736278613,0.808534202286344,2.81961709600699e-09,0.0111365720857693,0.0314137734685852,0.979750981860483,-6229.89569794096,2,0.0314137245810752,-6229.8956979408,0.0100414235377257,0.199117687612891,0.808534166420539,2.81905220241462e-09,0.0111365481258581,0.979751017038488
5705,2022-09-06,0.00970748880479687,0.198518269353578,0.810781101735384,1.3215876359391e-08,0.0105360488865737,0.0306497141464858,0.980584225972421,-6228.60328939468,2,0.030650124644173,-6228.6032909966,0.00970750958387747,0.198518622706876,0.81078064946664,6.60772619287448e-08,0.010536185738187,0.980583954717021
5726,2022-10-05,0.011318097546636,0.191550439677156,0.814092576668168,1.21273072982763e-08,0.0108729134697858,0.0283541333432331,0.980989029936518,-6245.78108310394,1,0.0283538703364693,-6245.78108430304,0.011318253086306,0.191550321000281,0.814092579466731,4.85084121798799e-08,0.0108728599068221,0.980989148662741
5747,2022-11-03,0.0114052940710108,0.197017455658074,0.811108973255794,1.17771276953457e-08,0.0118024746170498,0.0416576486054392,0.976355721826133,-6251.85064793922,1,0.0416575911952949,-6251.85064961931,0.0114053797610921,0.197017317563246,0.811109026846245,7.36076384702524e-08,0.0118024483518313,0.976355745590021
5768,2022-12-05,0.0102326019334122,0.200685101877585,0.810423606224891,2.45734047479108e-09,0.011886223702369,0.0417112731231092,0.97632717725401,-6260.77434584163,1,0.0417107199819294,-6260.77434778219,0.0102324104033175,0.200685188265804,0.810423832380599,7.69828758353173e-08,0.0118861101154902,0.976327422758867
5789,2023-01-05,0.0102441572951865,0.198373606789054,0.81158456606532,3.51625133259959e-09,0.0123913220353555,0.039864741032472,0.976361845044111,-6271.556455074,1,0.0398650214322547,-6271.5564569951,0.0102441240328092,0.198373758848697,0.811584427346482,8.7908734038178e-08,0.0123914136625451,0.976361649662951
5810,2023-02-06,0.0097635572012662,0.196627001167716,0.812282622479169,2.4985904189071e-09,0.0119312367678009,0.0434329033507301,0.975626790244578,-6261.04874730125,1,0.0434329447273648,-6261.04874922143,0.0097635533824472,0.196627092478835,0.812282568280227,6.24621489300345e-08,0.0119312462219075,0.975626751414195
5831,2023-03-08,0.0100343263871724,0.193697164511802,0.815379186651442,1.00516581868706e-08,0.0114649549239968,0.0426873075379279,0.97629865822091,-6263.49067635697,2,0.0426876162052332,-6263.49067611777,0.0100342370561723,0.193697391970925,0.815379066548098,2.51295430980654e-09,0.0114650055150065,0.976298518741189
5852,2023-04-06,0.00917318237895803,0.193818035594029,0.813830977885418,3.83324953377213e-09,0.0129627084499153,0.0502690893933469,0.972595822041793,-6267.74106971669,1,0.0502699724237416,-6267.74107163795,0.00917327882705236,0.193818055925835,0.813830789134282,9.58018196702957e-08,0.0129628507802768,0.97259539933601
5873,2023-05-08,0.00650111283202658,0.18893250471201,0.823653755162762,4.81047798349469e-10,0.0102513661581524,0.0391540076876627,0.978209962306062,-6249.22040531024,2,0.0391547562862608,-6249.22040729583,0.00650118866228423,0.188932461572496,0.823653470410306,6.0132160931543e-08,0.0102515833815518,0.9782094989518
5894,2023-06-07,0.00643095329512413,0.191664803000251,0.823122080209701,2.78282282994499e-07,0.0105390776049474,0.0452465461482142,0.976124207108828,-6233.64962036804,1,0.0452464201636944,-6233.64961436681,0.0064308413636842,0.19166492323961,0.823122188801436,6.95690617435895e-08,0.010538908656595,0.976124479387046
5915,2023-07-10,0.00711791049264487,0.194185781680119,0.821990164755248,5.6587292787319e-08,0.0104172429885295,0.047394284393694,0.975634616068947,-6219.74814711649,1,0.0473956145773101,-6219.74814591798,0.00711786567480169,0.194185683596016,0.82198999604582,1.41503883955333e-08,0.0104175201285487,0.975633950722448
5936,2023-08-08,0.00645734553327413,0.196670204205882,0.821093230981723,2.96398708866008e-07,0.0112481052632996,0.0513842848100291,0.9737810036036,-6218.36761222233,1,0.0513841951042249,-6218.36760622132,0.00645738093538581,0.196670205744054,0.821093279013015,7.40981361729636e-08,0.0112479626045021,0.973781245490175
5957,2023-09-07,0.00646231323953942,0.19370674052427,0.822974898273149,1.26760196391182e-06,0.0109593203466074,0.0516794002777361,0.974033543369009,-6222.21256961297,1,0.0516776627371574,-6222.21253159869,0.0064620357991125,0.193706332351562,0.822975795134379,6.3372318435543e-08,0.0109586344733856,0.974035088606859
5978,2023-10-06,0.00770265576855959,0.18853654590104,0.822829522692168,4.30292835373045e-08,0.0112795244630421,0.0514840002772292,0.973523018345316,-6221.96515676821,1,0.0514839260518419,-6221.96515556798,0.00770262607469107,0.18853665242972,0.822829489908493,1.07572342606344e-08,0.0112794990071122,0.973523077840169
5999,2023-11-06,0.00755546135821893,0.192157557145767,0.821154766611506,1.13580721644098e-08,0.011746984837335,0.0513609141668269,0.973107777222428,-6217.3431369691,2,0.051360877561481,-6217.3431385692,0.00755550936144693,0.192157435149804,0.821154744957808,5.67904266869295e-08,0.0117469991953017,0.973107752673865
6020,2023-12-06,0.00750321818123009,0.194411194066552,0.821115634846787,1.95725430116171e-09,0.0119262390487459,0.04907707700649,0.973649869908705,-6210.00701738809,2,0.0490769732082532,-6210.00701930815,0.00750334624958484,0.194411218814419,0.821115412677722,4.89314767537098e-08,0.011926290270071,0.97364983309234
6041,2024-01-08,0.00553248788485742,0.190708378418028,0.824225302514032,1.46322056000778e-09,0.0113367785355871,0.0459686213809515,0.975124570294866,-6217.57607300476,1,0.0459686118396838,-6217.57607492485,0.00553259709666189,0.190708367876898,0.82422520714554,3.65807906401285e-08,0.0113367951039051,0.975124548376117
6062,2024-02-07,0.00544915121543874,0.189755140543471,0.824965400240993,1.40229071621549e-07,0.0113749542175124,0.0443562215848143,0.975508284013426,-6215.59551485791,1,0.0443560733571624,-6215.5955088564,0.00544907078920283,0.18975512248808,0.824965570472339,3.50443244982392e-08,0.0113748612717069,0.975508452042604
6083,2024-03-08,0.00594832173274622,0.188139495455731,0.825994185954017,1.32673735744243e-07,0.0113168965017903,0.0420823011629641,0.976194032237602,-6211.72475951837,1,0.0420820647023416,-6211.7247519172,0.00594821550541656,0.188139614765598,0.825994295292548,6.63360066779678e-09,0.011316809266148,0.976194231558578
6104,2024-04-09,0.00597138238795863,0.18092015189114,0.830893236644228,1.29889093770867e-09,0.0108564246166997,0.0414821378447229,0.976728272753192,-6211.25754652351,2,0.0414821132758815,-6211.25754684343,0.00597141860584839,0.180920137052848,0.830893219274,6.49433825486333e-09,0.010856390449858,0.976728312565026
6125,2024-05-08,0.00509399652107611,0.1797802454604,0.833444750929989,2.49789491767932e-10,0.00937565136029397,0.0465822377212912,0.976931823879356,-6227.34937393603,1,0.0465822063127042,-6227.34937591943,0.00509401517894362,0.179780273164597,0.8334446774414,3.12133928599325e-08,0.00937567231130441,0.976931799637977
6146,2024-06-07,0.0048857864607037,0.182629602349625,0.833318862422352,1.17247089207043e-07,0.00907744387505295,0.041030554367683,0.978857515650266,-6221.36879118194,1,0.0410310802528226,-6221.36878518284,0.00488564072722417,0.182629561151402,0.833318882793068,2.93112630178756e-08,0.00907749786381689,0.978857323420812
6167,2024-07-10,0.00461439488867478,0.190009336302901,0.826083158881648,2.793821984852e-08,0.0103879189020224,0.0525526741140819,0.974435834192699,-6232.23157957781,1,0.0525523515474198,-6232.23157997705,0.00461442997329839,0.190009304770272,0.826083228560317,3.4922123412304e-08,0.0103878081766586,0.974436037930497
6188,2024-08-08,0.00216327723381474,0.183681912040044,0.831054323227776,2.43815455260183e-08,0.0125158933409227,0.0533555021766644,0.97163895938933,-6226.03634276808,2,0.0533555377653841,-6226.03634316818,0.00216331197453566,0.18368180369334,0.831054359755332,3.047717369858e-08,0.0125159049813992,0.971638934221448
6209,2024-09-09,0.00384829957068861,0.183406465972501,0.830026351867485,1.26021729168605e-09,0.011702643400831,0.0513925963699234,0.972996366514801,-6217.81321449564,2,0.05139296373057,-6217.81321641636,0.00384838471768433,0.183406474437571,0.830026198468515,3.15053316887982e-08,0.0117027249164784,0.972996164008356
6230,2024-10-08,0.00373945660765419,0.181235728274516,0.831156458457695,1.17944473824256e-09,0.0112856810185633,0.048831480082848,0.97405070535388,-6214.5033591015,1,0.0488315630428411,-6214.50336102177,0.00373948009717942,0.181235641761226,0.831156472259852,2.9486293876188e-08,0.0112857248672826,0.974050625462763
6251,2024-11-06,0.0021779103590034,0.187560624493081,0.829608965579833,2.34619827995515e-08,0.0107062229967562,0.0435774192780485,0.976113264758022,-6200.49831184053,2,0.0435774682190281,-6200.49831224002,0.00217790924948996,0.187560665838433,0.829608968610703,2.93186808809823e-08,0.0107062231232095,0.976113251054293
6272,2024-12-06,0.00233713374940357,0.188572928426567,0.828844574506213,2.96494453125602e-08,0.0124166636203562,0.0481150886744545,0.973020440693777,-6190.36799597323,1,0.0481150952312842,-6190.36799637303,0.00233698813983906,0.188573015042293,0.828844679576659,3.70618952519653e-08,0.01241667592114,0.973020421674973
6293,2025-01-08,0.00190324899140727,0.185746681163653,0.829007238690505,1.54787899491495e-07,0.0140696188161855,0.0524301471117041,0.970019231969543,-6191.25366224836,1,0.0524300727601779,-6191.25365624746,0.00190307411810486,0.185746809829008,0.829007377123976,3.86964318188357e-08,0.0140695429402564,0.970019369003746
6314,2025-02-10,0.0033202037837112,0.178650818957037,0.83482331453831,2.94647552581499e-08,0.012338833953637,0.0491621833130998,0.972657788196959,-6196.41363433899,1,0.0491620281223167,-6196.41363473871,0.00332025147880595,0.178650742164581,0.834823299217698,3.68309195838458e-08,0.0123388255938693,0.972657840835391
6335,2025-03-12,0.00238598340272242,0.180579172168714,0.835489469837444,3.07173892958806e-08,0.0120557729999495,0.0501918369462105,0.972706622940429,-6201.43472019868,1,0.0501922451521766,-6201.43471899936,0.00238596883221859,0.180579188158255,0.835489437581719,7.67932280441932e-09,0.0120558650396916,0.972706416702485
6356,2025-04-10,0.000796465782018116,0.182622291846371,0.841617077228906,3.65532521536623e-08,0.0118356320590518,0.0540751387650548,0.972349331536325,-6229.36252246559,2,0.0540751295141277,-6229.36252886779,0.000796948524326719,0.182621846557764,0.841616908107427,1.82746399331731e-07,0.0118356499262595,0.972349278744368
6377,2025-05-12,0.00063682094220641,0.173079741628815,0.846858168252351,2.93013957094218e-08,0.0103303377844886,0.0488555044749349,0.974948038005756,-6227.41544506836,1,0.0488562417136453,-6227.41544548093,0.000636725901570053,0.173079828838003,0.846858020467154,3.68885393720836e-08,0.0103305525295627,0.974947592176564
6398,2025-06-11,0.000921503266464959,0.174632571698253,0.844197135572257,2.66399935407624e-08,0.00972842310107003,0.0468984038712042,0.976022353572446,-6222.39739359036,1,0.0468986948631985,-6222.3973920707,0.000921409174279349,0.174632683890639,0.844197233990291,1.33200200477698e-09,0.0097284171637845,0.976022284783788
6419,2025-07-14,0.000812178652066146,0.173784693692734,0.844986942775495,2.4135668110336e-10,0.00973773963081482,0.0464871088762798,0.976122294494614,-6221.68664094149,1,0.0464870416795905,-6221.6866429255,0.000812334312030432,0.173784702029108,0.844986852127532,3.01694627127664e-08,0.00973771550860341,0.976122337687156
